[
  {
    "img":"https://img.youpin.mi-img.com/shopmain/14a6181a991adee0543bfc07a98dced3.jpg@base@tag=imgScale&h=342&w=342",
    "til":"耐克轻质手机臂带",
    "desc":"适用于5寸手机",
    "id":1,
    "price":1999
  },
  {
    "img":"https://img.youpin.mi-img.com/shopmain/6c6c7b83832deb1ea3301d1d5000f0e4.png@base@tag=imgScale&h=342&w=342",
    "til":"MK单肩手提包",
    "desc":"简约而又不失优雅",
    "id":2,
    "price":2999
  },
  {
    "img":"https://img.youpin.mi-img.com/shopmain/76411a9e7a424b16477acfe94ef1bc40.png@base@tag=imgScale&h=342&w=342",
    "til":"37度无感智能睡眠监测带",
    "desc":"无感睡眠监测，实时显示状态，微信睡眠报告，异常预警，在线医诊",
    "id":3,
    "price":3999
  },
  {
    "img":"https://img.youpin.mi-img.com/shopmain/4c3d9ff0efc853745c0e9169061eda63.png@base@tag=imgScale&h=342&w=342",
    "til":"压力IH智能电饭煲",
    "desc":"微压IH电磁加热智能电饭煲",
    "id":4,
    "price":4999
  },
  {
    "img":"https://img.youpin.mi-img.com/shopmain/050238cb915e7ff049ac49009aa922d4.png@base@tag=imgScale&h=342&w=342",
    "til":"IH智能电饭煲",
    "desc":"智能操控 IH环绕电磁加热",
    "id":5,
    "price":6999
  },
  {
    "img":"https://img.youpin.mi-img.com/shopmain/3d4cc78e7f9d72af369cc9f74bcaf608.jpg@base@tag=imgScale&h=342&w=342",
    "til":"美标时尚虹吸马桶",
    "desc":"时尚便捷，新双重虹吸马桶",
    "id":6,
    "price":19999
  },
  {
    "img":"https://img.youpin.mi-img.com/shopmain/d40934b46a4496e8f3dd3ff169ba3390.jpg@base@tag=imgScale&h=342&w=342",
    "til":"HITH智能足浴器Q2 无线版",
    "desc":"无线智能足浴，SIE微压技术，3D舒适按摩，米家APP控制",
    "id":7,
    "price":2599
  },
  {
    "img":"https://img.youpin.mi-img.com/shopmain/49d6f6be5d8b8e56e7b6234b1712abd9.png@base@tag=imgScale&h=342&w=342",
    "til":"星球大战智能手表",
    "desc":"星球大战专属定制 长续航",
    "id":8,
    "price":1499
  },
  {
    "img":"https://img.youpin.mi-img.com/800_pic/049aae3ff202ae118394b9a32ccdb492.png@base@tag=imgScale&h=342&w=342",
    "til":"米家变频滚筒洗衣机1A 8kg",
    "desc":"8Kg大容量/超薄设计/10种专业洗涤模式 / 15分钟快速洗 /高温筒自洁/ BLDC变频电机 / 一级能效，省水省电",
    "id":9,
    "price":1699
  }
]