[
  {
    "images": [
      "https://img.youpin.mi-img.com/goods/d41094265c9b42b76e8b04e2e490ef4f.jpg?_s=ks3&w=1080&h=1270&crop=a_0_95_1080_1080",
      "https://img.youpin.mi-img.com/goods/6c12d7428c6607833779c04c66936a1d.jpg?_s=ks3&w=1080&h=1270&crop=a_0_95_1080_1080",
      "https://img.youpin.mi-img.com/goods/09463ad088b184d4f936b2bd704ff990.jpg?_s=ks3&w=1080&h=1270&crop=a_0_95_1080_1080"
    ],
    "goodsId": "1",
    "sku": {
      "tree": [
        {
          "k": "颜色",
          "v": [
            {
              "id": "30349",
              "name": "红色",
              "imgUrl": "https://img.youpin.mi-img.com/shopmain/2689bf00d528f96d9b120c82063081cd.png?w=800&h=800@base@tag=imgScale&w=240&h=240",
              "previewImgUrl": "https://img.youpin.mi-img.com/shopmain/2689bf00d528f96d9b120c82063081cd.png?w=800&h=800@base@tag=imgScale&w=240&h=240"
            },
            {
              "id": "1215",
              "name": "蓝色",
              "imgUrl": "https://img.youpin.mi-img.com/shopmain/777f57372ea79478329d8a336e27aa1f.png?w=800&h=800@base@tag=imgScale&w=240&h=240",
              "previewImgUrl": "https://img.youpin.mi-img.com/shopmain/777f57372ea79478329d8a336e27aa1f.png?w=800&h=800@base@tag=imgScale&w=240&h=240"
            }
          ],
          "k_s": "s1"
        },
        {
          "k": "尺寸",
          "v": [
            {
              "id": "303491",
              "name": "S"
            },
            {
              "id": "12151",
              "name": "M"
            },
            {
              "id": "121512",
              "name": "XL"
            }
          ],
          "k_s": "s2"
        }
      ],
      "list": [
        {
          "id": 2259,
          "price": 100,
          "s1": "1215",
          "s2": "303491",
          "s3": "0",
          "stock_num": 110
        },
        {
          "id": 22591,
          "price": 100,
          "s1": "1215",
          "s2": "12151",
          "s3": "0",
          "stock_num": 110
        },
        {
          "id": 22592,
          "price": 100,
          "s1": "1215",
          "s2": "121512",
          "s3": "0",
          "stock_num": 110
        },
        {
          "id": 22594,
          "price": 100,
          "s1": 30349,
          "s2": "303491",
          "s3": "0",
          "stock_num": 110
        },
        {
          "id": 225926,
          "price": 100,
          "s1": 30349,
          "s2": "121512",
          "s3": "0",
          "stock_num": 110
        }
      ],
      "price": "1.00",
      "stock_num": 227,
      "collection_id": 2261,
      "none_sku": false,
      "hide_stock": true
    },
    "goods": {
      "picture": "https://img.youpin.mi-img.com/shopmain/2689bf00d528f96d9b120c82063081cd.png"
    }
  },
  {
    "images": [
      "https://img.youpin.mi-img.com/shopmain/6de26f8c373ac87e4846be1da7f80fe9.jpg?w=1080&h=1080&w=1080&h=1270&crop=a_0_95_1080_1080",
      "https://img.youpin.mi-img.com/shopmain/1489aee837df1abc679de63bc49bbfe6.jpg?w=1080&h=1080&w=1080&h=1270&crop=a_0_95_1080_1080",
      "https://img.youpin.mi-img.com/shopmain/17b6818771bcc935c263a4e5fa36fea2.jpg?w=1080&h=1080&w=1080&h=1270&crop=a_0_95_1080_1080"
    ],
    "goodsId": "2",
    "sku": {
      "tree": [
        {
          "k": "长度",
          "v": [
            {
              "id": "30349",
              "name": "3.6m",
              "imgUrl": "https://img.youpin.mi-img.com/shopmain/a22b3946c96c6a8e2f36a90f25964056.png?w=800&h=800@base@tag=imgScale&w=240&h=240",
              "previewImgUrl": "https://img.youpin.mi-img.com/shopmain/a22b3946c96c6a8e2f36a90f25964056.png?w=800&h=800@base@tag=imgScale&w=240&h=240"
            },
            {
              "id": "1215",
              "name": "6.3m",
              "imgUrl": "https://img.youpin.mi-img.com/shopmain/a22b3946c96c6a8e2f36a90f25964056.png?w=800&h=800@base@tag=imgScale&w=240&h=240",
              "previewImgUrl": "https://img.youpin.mi-img.com/shopmain/a22b3946c96c6a8e2f36a90f25964056.png?w=800&h=800@base@tag=imgScale&w=240&h=240"
            }
          ],
          "k_s": "s1"
        },
        {
          "k": "尺寸",
          "v": [
            {
              "id": "303491",
              "name": "S"
            },
            {
              "id": "12151",
              "name": "M"
            },
            {
              "id": "121512",
              "name": "XL"
            }
          ],
          "k_s": "s2"
        }
      ],
      "list": [
        {
          "id": 2259,
          "price": 100,
          "s1": "1215",
          "s2": "303491",
          "s3": "0",
          "stock_num": 110
        },
        {
          "id": 22591,
          "price": 100,
          "s1": "1215",
          "s2": "12151",
          "s3": "0",
          "stock_num": 110
        },
        {
          "id": 22592,
          "price": 100,
          "s1": "1215",
          "s2": "121512",
          "s3": "0",
          "stock_num": 110
        },
        {
          "id": 22594,
          "price": 100,
          "s1": 30349,
          "s2": "303491",
          "s3": "0",
          "stock_num": 110
        },
        {
          "id": 225926,
          "price": 100,
          "s1": 30349,
          "s2": "121512",
          "s3": "0",
          "stock_num": 110
        }
      ],
      "price": "1.00",
      "stock_num": 227,
      "collection_id": 2261,
      "none_sku": false,
      "hide_stock": true
    },
    "goods": {
      "picture": "https://img.youpin.mi-img.com/shopmain/2689bf00d528f96d9b120c82063081cd.png"
    }
  },
  {
    "images": [
      "https://img.yzcdn.cn/vant/apple-1.jpg",
      "https://img.yzcdn.cn/vant/apple-2.jpg"
    ],
    "goodsId": "3",
    "sku": {
      "tree": [
        {
          "k": "颜色",
          "v": [
            {
              "id": "30349",
              "name": "红色",
              "imgUrl": "https://img.youpin.mi-img.com/shopmain/2689bf00d528f96d9b120c82063081cd.png",
              "previewImgUrl": "https://img.youpin.mi-img.com/shopmain/2689bf00d528f96d9b120c82063081cd.png"
            },
            {
              "id": "1215",
              "name": "蓝色",
              "imgUrl": "https://img.youpin.mi-img.com/shopmain/777f57372ea79478329d8a336e27aa1f.png",
              "previewImgUrl": "https://img.youpin.mi-img.com/shopmain/777f57372ea79478329d8a336e27aa1f.png"
            }
          ],
          "k_s": "s1"
        },
        {
          "k": "尺寸",
          "v": [
            {
              "id": "303491",
              "name": "S"
            },
            {
              "id": "12151",
              "name": "M"
            },
            {
              "id": "121512",
              "name": "XL"
            }
          ],
          "k_s": "s2"
        }
      ],
      "list": [
        {
          "id": 2259,
          "price": 100,
          "s1": "1215",
          "s2": "303491",
          "s3": "0",
          "stock_num": 110
        },
        {
          "id": 22591,
          "price": 100,
          "s1": "1215",
          "s2": "12151",
          "s3": "0",
          "stock_num": 110
        },
        {
          "id": 22592,
          "price": 100,
          "s1": "1215",
          "s2": "121512",
          "s3": "0",
          "stock_num": 110
        },
        {
          "id": 22594,
          "price": 100,
          "s1": 30349,
          "s2": "303491",
          "s3": "0",
          "stock_num": 110
        },
        {
          "id": 225926,
          "price": 100,
          "s1": 30349,
          "s2": "121512",
          "s3": "0",
          "stock_num": 110
        }
      ],
      "price": "1.00",
      "stock_num": 227,
      "collection_id": 2261,
      "none_sku": false,
      "hide_stock": true
    },
    "goods": {
      "picture": "https://img.yzcdn.cn/vant/apple-1.jpg"
    }
  },
  {
    "images": [
      "https://img.youpin.mi-img.com/goods/41cd0831bfca818f106faecb980c2411.jpg?_s=ks3&w=1080&h=1270&crop=a_0_95_1080_1080",
      "https://img.youpin.mi-img.com/goods/41cd0831bfca818f106faecb980c2411.jpg?_s=ks3&w=1080&h=1270&crop=a_0_95_1080_1080"
    ],
    "goodsId": "4",
    "sku": {
      "tree": [
        {
          "k": "口味",
          "v": [
            {
              "id": "30349",
              "name": "原味",
              "imgUrl": "https://img.youpin.mi-img.com/800_pic/e1e11960cf0f88aa8db8f0fc3e07bf8c.png@base@tag=imgScale&w=240&h=240",
              "previewImgUrl": "https://img.youpin.mi-img.com/800_pic/e1e11960cf0f88aa8db8f0fc3e07bf8c.png@base@tag=imgScale&w=240&h=240"
            },
            {
              "id": "1215",
              "name": "焦糖味",
              "imgUrl": "https://img.youpin.mi-img.com/800_pic/e1e11960cf0f88aa8db8f0fc3e07bf8c.png@base@tag=imgScale&w=240&h=240",
              "previewImgUrl": "https://img.youpin.mi-img.com/800_pic/e1e11960cf0f88aa8db8f0fc3e07bf8c.png@base@tag=imgScale&w=240&h=240"
            }
          ],
          "k_s": "s1"
        },
        {
          "k": "尺寸",
          "v": [
            {
              "id": "303491",
              "name": "S"
            },
            {
              "id": "12151",
              "name": "M"
            },
            {
              "id": "121512",
              "name": "XL"
            }
          ],
          "k_s": "s2"
        }
      ],
      "list": [
        {
          "id": 2259,
          "price": 100,
          "s1": "1215",
          "s2": "303491",
          "s3": "0",
          "stock_num": 110
        },
        {
          "id": 22591,
          "price": 100,
          "s1": "1215",
          "s2": "12151",
          "s3": "0",
          "stock_num": 110
        },
        {
          "id": 22592,
          "price": 100,
          "s1": "1215",
          "s2": "121512",
          "s3": "0",
          "stock_num": 110
        },
        {
          "id": 22594,
          "price": 100,
          "s1": 30349,
          "s2": "303491",
          "s3": "0",
          "stock_num": 110
        },
        {
          "id": 225926,
          "price": 100,
          "s1": 30349,
          "s2": "121512",
          "s3": "0",
          "stock_num": 110
        }
      ],
      "price": "1.00",
      "stock_num": 227,
      "collection_id": 2261,
      "none_sku": false,
      "hide_stock": true
    },
    "goods": {
      "picture": "https://img.youpin.mi-img.com/800_pic/e1e11960cf0f88aa8db8f0fc3e07bf8c.png@base@tag=imgScale&w=240&h=240"
    }
  },
  {
    "images": [
      "https://img.youpin.mi-img.com/shopmain/8c4c97b048c991c0e37991b934c23f9e.jpg?w=1080&h=1080&w=1080&h=1270&crop=a_0_95_1080_1080",
      "https://img.youpin.mi-img.com/shopmain/8c4c97b048c991c0e37991b934c23f9e.jpg?w=1080&h=1080&w=1080&h=1270&crop=a_0_95_1080_1080"
    ],
    "goodsId": "5",
    "sku": {
      "tree": [
        {
          "k": "颜色",
          "v": [
            {
              "id": "30349",
              "name": "红色",
              "imgUrl": "https://img.youpin.mi-img.com/shopmain/1f96968c5ada932612f266aa35db43f8.jpg?w=1080&h=1080&w=1080&h=1270&crop=a_0_95_1080_1080",
              "previewImgUrl": "https://img.youpin.mi-img.com/shopmain/1f96968c5ada932612f266aa35db43f8.jpg?w=1080&h=1080&w=1080&h=1270&crop=a_0_95_1080_1080"
            },
            {
              "id": "1215",
              "name": "蓝色",
              "imgUrl": "https://img.youpin.mi-img.com/shopmain/a8437a98c300248444f780e0b2861780.jpg?w=1080&h=1080&w=1080&h=1270&crop=a_0_95_1080_1080",
              "previewImgUrl": "https://img.youpin.mi-img.com/shopmain/a8437a98c300248444f780e0b2861780.jpg?w=1080&h=1080&w=1080&h=1270&crop=a_0_95_1080_1080"
            }
          ],
          "k_s": "s1"
        },
        {
          "k": "尺寸",
          "v": [
            {
              "id": "303491",
              "name": "S"
            },
            {
              "id": "12151",
              "name": "M"
            },
            {
              "id": "121512",
              "name": "XL"
            }
          ],
          "k_s": "s2"
        }
      ],
      "list": [
        {
          "id": 2259,
          "price": 100,
          "s1": "1215",
          "s2": "303491",
          "s3": "0",
          "stock_num": 110
        },
        {
          "id": 22591,
          "price": 100,
          "s1": "1215",
          "s2": "12151",
          "s3": "0",
          "stock_num": 110
        },
        {
          "id": 22592,
          "price": 100,
          "s1": "1215",
          "s2": "121512",
          "s3": "0",
          "stock_num": 110
        },
        {
          "id": 22594,
          "price": 100,
          "s1": 30349,
          "s2": "303491",
          "s3": "0",
          "stock_num": 110
        },
        {
          "id": 225926,
          "price": 100,
          "s1": 30349,
          "s2": "121512",
          "s3": "0",
          "stock_num": 110
        }
      ],
      "price": "1.00",
      "stock_num": 227,
      "collection_id": 2261,
      "none_sku": false,
      "hide_stock": true
    },
    "goods": {
      "picture": "https://img.youpin.mi-img.com/shopmain/1f96968c5ada932612f266aa35db43f8.jpg?w=1080&h=1080&w=1080&h=1270&crop=a_0_95_1080_1080"
    }
  },
  {
    "images": [
      "https://img.yzcdn.cn/vant/apple-1.jpg",
      "https://img.yzcdn.cn/vant/apple-2.jpg"
    ],
    "goodsId": "6",
    "sku": {
      "tree": [
        {
          "k": "颜色",
          "v": [
            {
              "id": "30349",
              "name": "红色",
              "imgUrl": "https://img.youpin.mi-img.com/shopmain/2689bf00d528f96d9b120c82063081cd.png",
              "previewImgUrl": "https://img.youpin.mi-img.com/shopmain/2689bf00d528f96d9b120c82063081cd.png"
            },
            {
              "id": "1215",
              "name": "蓝色",
              "imgUrl": "https://img.youpin.mi-img.com/shopmain/777f57372ea79478329d8a336e27aa1f.png",
              "previewImgUrl": "https://img.youpin.mi-img.com/shopmain/777f57372ea79478329d8a336e27aa1f.png"
            }
          ],
          "k_s": "s1"
        },
        {
          "k": "尺寸",
          "v": [
            {
              "id": "303491",
              "name": "S"
            },
            {
              "id": "12151",
              "name": "M"
            },
            {
              "id": "121512",
              "name": "XL"
            }
          ],
          "k_s": "s2"
        }
      ],
      "list": [
        {
          "id": 2259,
          "price": 100,
          "s1": "1215",
          "s2": "303491",
          "s3": "0",
          "stock_num": 110
        },
        {
          "id": 22591,
          "price": 100,
          "s1": "1215",
          "s2": "12151",
          "s3": "0",
          "stock_num": 110
        },
        {
          "id": 22592,
          "price": 100,
          "s1": "1215",
          "s2": "121512",
          "s3": "0",
          "stock_num": 110
        },
        {
          "id": 22594,
          "price": 100,
          "s1": 30349,
          "s2": "303491",
          "s3": "0",
          "stock_num": 110
        },
        {
          "id": 225926,
          "price": 100,
          "s1": 30349,
          "s2": "121512",
          "s3": "0",
          "stock_num": 110
        }
      ],
      "price": "1.00",
      "stock_num": 227,
      "collection_id": 2261,
      "none_sku": false,
      "hide_stock": true
    },
    "goods": {
      "picture": "https://img.youpin.mi-img.com/shopmain/2689bf00d528f96d9b120c82063081cd.png"
    }
  },
  {
    "images": [
      "https://img.yzcdn.cn/vant/apple-1.jpg",
      "https://img.yzcdn.cn/vant/apple-2.jpg"
    ],
    "goodsId": "7",
    "sku": {
      "tree": [
        {
          "k": "颜色",
          "v": [
            {
              "id": "30349",
              "name": "红色",
              "imgUrl": "https://img.youpin.mi-img.com/shopmain/2689bf00d528f96d9b120c82063081cd.png",
              "previewImgUrl": "https://img.youpin.mi-img.com/shopmain/2689bf00d528f96d9b120c82063081cd.png"
            },
            {
              "id": "1215",
              "name": "蓝色",
              "imgUrl": "https://img.youpin.mi-img.com/shopmain/777f57372ea79478329d8a336e27aa1f.png",
              "previewImgUrl": "https://img.youpin.mi-img.com/shopmain/777f57372ea79478329d8a336e27aa1f.png"
            }
          ],
          "k_s": "s1"
        },
        {
          "k": "尺寸",
          "v": [
            {
              "id": "303491",
              "name": "S"
            },
            {
              "id": "12151",
              "name": "M"
            },
            {
              "id": "121512",
              "name": "XL"
            }
          ],
          "k_s": "s2"
        }
      ],
      "list": [
        {
          "id": 2259,
          "price": 100,
          "s1": "1215",
          "s2": "303491",
          "s3": "0",
          "stock_num": 110
        },
        {
          "id": 22591,
          "price": 100,
          "s1": "1215",
          "s2": "12151",
          "s3": "0",
          "stock_num": 110
        },
        {
          "id": 22592,
          "price": 100,
          "s1": "1215",
          "s2": "121512",
          "s3": "0",
          "stock_num": 110
        },
        {
          "id": 22594,
          "price": 100,
          "s1": 30349,
          "s2": "303491",
          "s3": "0",
          "stock_num": 110
        },
        {
          "id": 225926,
          "price": 100,
          "s1": 30349,
          "s2": "121512",
          "s3": "0",
          "stock_num": 110
        }
      ],
      "price": "1.00",
      "stock_num": 227,
      "collection_id": 2261,
      "none_sku": false,
      "hide_stock": true
    },
    "goods": {
      "picture": "https://img.youpin.mi-img.com/shopmain/2689bf00d528f96d9b120c82063081cd.png"
    }
  },
  {
    "images": [
      "https://img.yzcdn.cn/vant/apple-1.jpg",
      "https://img.yzcdn.cn/vant/apple-2.jpg"
    ],
    "goodsId": "8",
    "sku": {
      "tree": [
        {
          "k": "颜色",
          "v": [
            {
              "id": "30349",
              "name": "红色",
              "imgUrl": "https://img.youpin.mi-img.com/shopmain/2689bf00d528f96d9b120c82063081cd.png",
              "previewImgUrl": "https://img.youpin.mi-img.com/shopmain/2689bf00d528f96d9b120c82063081cd.png"
            },
            {
              "id": "1215",
              "name": "蓝色",
              "imgUrl": "https://img.youpin.mi-img.com/shopmain/777f57372ea79478329d8a336e27aa1f.png",
              "previewImgUrl": "https://img.youpin.mi-img.com/shopmain/777f57372ea79478329d8a336e27aa1f.png"
            }
          ],
          "k_s": "s1"
        },
        {
          "k": "尺寸",
          "v": [
            {
              "id": "303491",
              "name": "S"
            },
            {
              "id": "12151",
              "name": "M"
            },
            {
              "id": "121512",
              "name": "XL"
            }
          ],
          "k_s": "s2"
        }
      ],
      "list": [
        {
          "id": 2259,
          "price": 100,
          "s1": "1215",
          "s2": "303491",
          "s3": "0",
          "stock_num": 110
        },
        {
          "id": 22591,
          "price": 100,
          "s1": "1215",
          "s2": "12151",
          "s3": "0",
          "stock_num": 110
        },
        {
          "id": 22592,
          "price": 100,
          "s1": "1215",
          "s2": "121512",
          "s3": "0",
          "stock_num": 110
        },
        {
          "id": 22594,
          "price": 100,
          "s1": 30349,
          "s2": "303491",
          "s3": "0",
          "stock_num": 110
        },
        {
          "id": 225926,
          "price": 100,
          "s1": 30349,
          "s2": "121512",
          "s3": "0",
          "stock_num": 110
        }
      ],
      "price": "1.00",
      "stock_num": 227,
      "collection_id": 2261,
      "none_sku": false,
      "hide_stock": true
    },
    "goods": {
      "picture": "https://img.youpin.mi-img.com/shopmain/2689bf00d528f96d9b120c82063081cd.png"
    }
  },
  {
    "images": [
      "https://img.yzcdn.cn/vant/apple-1.jpg",
      "https://img.yzcdn.cn/vant/apple-2.jpg"
    ],
    "goodsId": "9",
    "sku": {
      "tree": [
        {
          "k": "颜色",
          "v": [
            {
              "id": "30349",
              "name": "红色",
              "imgUrl": "https://img.youpin.mi-img.com/shopmain/2689bf00d528f96d9b120c82063081cd.png",
              "previewImgUrl": "https://img.youpin.mi-img.com/shopmain/2689bf00d528f96d9b120c82063081cd.png"
            },
            {
              "id": "1215",
              "name": "蓝色",
              "imgUrl": "https://img.youpin.mi-img.com/shopmain/777f57372ea79478329d8a336e27aa1f.png",
              "previewImgUrl": "https://img.youpin.mi-img.com/shopmain/777f57372ea79478329d8a336e27aa1f.png"
            }
          ],
          "k_s": "s1"
        },
        {
          "k": "尺寸",
          "v": [
            {
              "id": "303491",
              "name": "S"
            },
            {
              "id": "12151",
              "name": "M"
            },
            {
              "id": "121512",
              "name": "XL"
            }
          ],
          "k_s": "s2"
        }
      ],
      "list": [
        {
          "id": 2259,
          "price": 100,
          "s1": "1215",
          "s2": "303491",
          "s3": "0",
          "stock_num": 110
        },
        {
          "id": 22591,
          "price": 100,
          "s1": "1215",
          "s2": "12151",
          "s3": "0",
          "stock_num": 110
        },
        {
          "id": 22592,
          "price": 100,
          "s1": "1215",
          "s2": "121512",
          "s3": "0",
          "stock_num": 110
        },
        {
          "id": 22594,
          "price": 100,
          "s1": 30349,
          "s2": "303491",
          "s3": "0",
          "stock_num": 110
        },
        {
          "id": 225926,
          "price": 100,
          "s1": 30349,
          "s2": "121512",
          "s3": "0",
          "stock_num": 110
        }
      ],
      "price": "1.00",
      "stock_num": 227,
      "collection_id": 2261,
      "none_sku": false,
      "hide_stock": true
    },
    "goods": {
      "picture": "https://img.youpin.mi-img.com/shopmain/2689bf00d528f96d9b120c82063081cd.png"
    }
  }
]