[
  {
    "til": "每日上新",
    "img": "https://img.youpin.mi-img.com/jianyu/548747b208d49dc822cce9b021ee163e.png@base@tag=imgScale&h=100&m=1&q=80&w=100"
  },
  {
    "til": "小米众筹",
    "img": "https://img.youpin.mi-img.com/jianyu/a779963ae37b08742c9a5d6e4be55bdc.png@base@tag=imgScale&h=100&m=1&q=80&w=100"
  },
  {
    "til": "限时抢购",
    "img": "https://img.youpin.mi-img.com/jianyu/c0e5b7015c73d5425d8a1675c817e0a1.png@base@tag=imgScale&h=100&m=1&q=80&w=100"
  },
  {
    "til": "热销排行",
    "img": "https://img.youpin.mi-img.com/jianyu/12f8395494d9cbbc879b59f15262d857.png@base@tag=imgScale&h=100&m=1&q=80&w=100"
  },
  {
    "til": "小米自营",
    "img": "https://img.youpin.mi-img.com/jianyu/007e489051cf6bc0617bae5c39293a90.png@base@tag=imgScale&h=100&m=1&q=80&w=100"
  },
  {
    "til": "下单立返",
    "img": "https://img.youpin.mi-img.com/jianyu/f868ff4fc411edbae547920211d8dc8b.png@base@tag=imgScale&h=100&m=1&q=80&w=100"
  },
  {
    "til": "员工推荐",
    "img": "https://img.youpin.mi-img.com/jianyu/43d29e6cf263c2be416ee31c59aafa3b.png@base@tag=imgScale&h=100&m=1&q=80&w=100"
  },
  {
    "til": "生活超市",
    "img": "https://img.youpin.mi-img.com/jianyu/d72416a0e8fe912303f57de39e53ef82.png@base@tag=imgScale&h=100&m=1&q=80&w=100"
  },
  {
    "til": "小米庄园",
    "img": "https://img.youpin.mi-img.com/jianyu/43bf0a61329f003a2929a7d72d42ea4f.png@base@tag=imgScale&h=100&m=1&q=80&w=100"
  },
  {
    "til": "智能生活",
    "img": "https://img.youpin.mi-img.com/jianyu/56a9ce0da98ced7a936eb8602f695150.png@base@tag=imgScale&h=100&m=1&q=80&w=100"
  }
]