[{
  "id": 2,
  "name": "任金辉",
  "password": "666",
  "sex": "0",
  "email": "1227760869@qq.com",
  "phone": "13041086186",
  "departmentId": "1",
  "jobId": "1",
  "desc": "任金辉",
  "time": 1568640222269,
  "state": 0
}, {
  "id": 6,
  "name": "园园",
  "password": "666",
  "sex": "1",
  "email": "yuanyuan@qq.com",
  "phone": "11111111111",
  "departmentId": "1",
  "jobId": "1",
  "desc": "嗨喽~~56789876543456876543",
  "time": 1568966285536,
  "state": 0,
  "userId": "null"
}, {
  "id": 7,
  "name": "admin",
  "password": "666",
  "sex": "0",
  "email": "123456",
  "phone": "2345678",
  "departmentId": "1",
  "jobId": "1",
  "desc": "2345dfg",
  "time": 1572924604470,
  "state": 0
}, {
  "id": 8,
  "name": "珠峰培训",
  "password": "666",
  "sex": "0",
  "email": "1227760869@qq.com",
  "phone": "18233187958",
  "departmentId": "1",
  "jobId": "1",
  "desc": "珠峰培训",
  "time": 1572924671924,
  "state": 0
}, {
  "id": 10,
  "name": "任金辉",
  "password": "666",
  "sex": "0",
  "email": "1227760869@qq.com",
  "phone": "18233187958",
  "departmentId": "1",
  "jobId": "1",
  "desc": "666",
  "time": 1572941189935,
  "state": 0
}, {
  "id": 11,
  "name": "王小虎5",
  "password": "666",
  "sex": "0",
  "email": "1234432345",
  "phone": "23454321234543",
  "departmentId": "1",
  "jobId": "2",
  "desc": "234565454fqHDSG",
  "time": 1575598931477,
  "state": 0
}, {
  "id": 12,
  "name": "染色让他把",
  "password": "8376ac810bb9f231d28fcf1f",
  "sex": "1",
  "email": "32435345",
  "phone": "354234523",
  "departmentId": "7",
  "jobId": "1",
  "desc": "52345ywrgsdrgsrtwetwe",
  "time": 1575600419544,
  "state": 0
}, {
  "id": 13,
  "name": "666",
  "password": "8376ac810bb9f231d28fcf1f",
  "sex": "1",
  "email": "666",
  "phone": "666",
  "departmentId": "4",
  "jobId": "4",
  "desc": "666",
  "time": 1575606351413,
  "state": 0
}, {
  "id": 14,
  "name": "666",
  "password": "8376ac810bb9f231d28fcf1f",
  "sex": "1",
  "email": "666",
  "phone": "666",
  "departmentId": "4",
  "jobId": "4",
  "desc": "666",
  "time": 1575606364136,
  "state": 0
}, {
  "id": 15,
  "name": "666",
  "password": "8376ac810bb9f231d28fcf1f",
  "sex": "1",
  "email": "666",
  "phone": "666",
  "departmentId": "4",
  "jobId": "4",
  "desc": "666",
  "time": 1575606374029,
  "state": 0
}]